Metric,Single Stock,Multi-Stock,Difference,% Change
Accuracy,0.5600907029478458,0.5510204081632653,-0.009070294784580546,-1.619433198380571
Precision,0.5814814814814815,0.5531914893617021,-0.02828999211977934,-4.865157880471605
Recall,0.6596638655462185,0.8739495798319328,0.2142857142857143,32.48407643312101
F1 Score,0.6181102362204725,0.6775244299674267,0.059414193746954225,9.612232618934001
ROC AUC,0.5405058575154199,0.49904789502007707,-0.04145796249534284,-7.670215210232034
