Metric,Single Stock,Multi-Stock,Difference,% Change
MSE,1.7561342711031491,1130.1469959752194,1128.3908617041163,-64254.247540838434
RMSE,1.3251921638400783,33.617658990108445,32.29246682626837,-2436.8138981966817
MAE,0.902876698078222,28.39710240424483,27.494225706166606,-3045.1805617188056
R² Score,0.9978553254999625,-0.380189136699419,-1.3780444621993815,-138.10062711334734
